[{
        "CompanyName": "Google",
        "Contact": "Kate Brandt, Sustainability Officer",
        "StartDate": 2007,
        "MilestonesAchieved": "> 50% less energy at data centers\n> 7x computing power using the same amount of energy\n> Use 5 times less overhead energy compared to other data centers\n> ISO 50001 certification (12 out of 14 Google owned and operated data centers)\n> 18% of servers remanufactured instead of throwing to waste\n> 100% landfill diversion from 6 operating data centers\n> 91% waste diverted from landfills from global data center operations\n> 100% renewable energy at operations centers\n> $2.5 billion in equity commitments to renewable energy projects\n> 87% decrease in carbon intensity\n> 11 years of carbon neutrality \n> 40 carbon offset projects\n> 29 million gallons of potable water avoided\n> 78% landfill diversion from offices globally\n> 2.3 million pounds of food waste avoided\n> 33,000 tCO2 emissions saved from transportation",
        "Targets": "",
        "Metrics": "",
        "Source": ">https://storage.googleapis.com/gweb-sustainability.appspot.com/pdf/Google_2018-Environmental-Report.pdf",
        "": "",
        "__1": "",
        "__2": "",
        "__3": "",
        "SDGTargets": "SDG 4\nSDG 5\nSDG 7 \nSDG 8\nSDG 9 \nSDG 11\nSDG 12\nSDG 14\nSDG 17"
    },
    {
        "CompanyName": "Amazon",
        "Contact": "Kara Hurst, Head of Worldwide Sustainability",
        "StartDate": 2014,
        "MilestonesAchieved": "> 55% of Amazonians in Seattle commute to work without a car > improve packaging > More than 25,000 plants have been woven into our living wall  > programs have eliminated 244,000 tons of packaging materials, avoiding 500 million shipping boxes (celebrated 10-year anniversary of Frustration-Free Packaging in 2017) > eliminated the equivalent of 305 million shipping boxes in 2017  > Amazon Wind Farm Texas, launched in 2017 generates more than 1,000,000 megawatt hours of clean energy annually from over 100 turbines > The company is committed to provide occasional donations as disaster relief",
        "Targets": "> install solar systems on 50 fulfillment facility rooftops worldwide by 2020\n> Three million square feet of Amazon head office in Seattle is planned to be heated by a“district energy” system—recycling the heat from a nearby building to heat the office space\n> Amazon will host solar energy systems on 15 fulfilment facility rooftops across the US, with the capacity to generate 41 megawatts (MW) of power\n>",
        "Metrics": "",
        "Source": "> https://research-methodology.net/amazon-corporate-social-responsibility/",
        "": "",
        "__1": "",
        "__2": "",
        "__3": "",
        "SDGTargets": ""
    },
    {
        "CompanyName": "ATT",
        "Contact": "Charlene Lake, Senior VP CSR & Chief Sustainability Officer",
        "StartDate": 2008,
        "MilestonesAchieved": "> saving lives by raising awareness and\nsharing a simple message through our It Can Wait\ncampaign\n> helping young women in across the U.S. and Latin America become the next generation of web developer\n> developed a credible methodology\nto measure the GHG impacts of customers’ use of AT&T technology in an\neffort to track progress against our 10x goal\n> reduced fleet emissions by 174,403 mtons\nof CO2\ne, or 20.1% from our 2008 baseline\n> achieved a 45% reduction in electricity consumption compared\nto the 2013 baseline of 233 MWh/PB\n> 22.6% decrease in Scope 1 emissions compared to our restated 2008 baseline\n> refurbished or recycled\napproximately 146 million devices since 2007\n> Achieved top suppliers on the Supplier Sustainability Scorecard",
        "Targets": "> AT&T is\ncommitting our resources and expertise in\nthe Internet of Things (IoT) to create smart\ncities to support the growing needs of cities,\nas well as improve quality of life and create new\neconomic opportunities. \n> By 2020, drive reductions in emissions and increases in resource efficiency and alternative\nenergy deployment\n> Promote the use of these metrics in industry sourcing ( moving its suppliers along an industry roadmap with\nCDP Supply Chain)\n> Invest resources, develop initiatives and collaborate with stakeholders with the goal of increasing the\nU.S. high school graduation rate to 90% by 2020",
        "Metrics": "",
        "Source": "> https://about.att.com/ecms/dam/csr/sustainability-reporting/PDF/2018/2018-ATT-Goals.pdf",
        "": "",
        "__1": "",
        "__2": "",
        "__3": "",
        "SDGTargets": ""
    },
    {
        "CompanyName": "Verizon",
        "Contact": "James Gowen, Chief Sustainability Officer",
        "StartDate": 2009,
        "MilestonesAchieved": "> More than 6,000 children in Brazil were screened for Rheumatic Heart Disease in partnership with the Children’s National Medical Center\n> IoT solutions are helping a family-owned California winery monitor soil for moisture content to ensure consistent water levels\n> Partnered with ENERGY STAR since 2006 to improve energy efficiency\n> Verizon Innovative Learning has helped over a million students improve in math and reading, leading more engagment in school\n> Device recycling program (100% of customer devices were diverted from landfills)",
        "Targets": "> By 2020, 75 percent of suppliers assessed will be compliant with Verizon's overall CSR standards.\n> By 2022, Verizon’s networks and connected solutions will save more than double the amount of global emissions that our operations create.\n> By 2025, we will reduce our carbon intensity (a measure of the overall carbon we emit divided by the terabytes of data carried by our networks) by 50 percent over the 2016 baseline.\n> By 2030, we will plant 2 million trees in communities around the world, including 250,000 in areas impacted by the 2017 hurricane season.\n> By 2023, Verizon will help provide 6 million students with the skills required to put them on the path to success in an increasingly tech-dependent job market.\n> reduce water usage by 15% over our 2016 level by 2025",
        "Metrics": "",
        "Source": "> https://www.verizon.com/about/sites/default/files/corporate-responsibility-report/2017/index.html#data-index",
        "": "",
        "__1": "",
        "__2": "",
        "__3": "",
        "SDGTargets": ""
    },
    {
        "CompanyName": "Comcast",
        "Contact": "Susan Jin Davis, Chief Sustainability Officer",
        "StartDate": "",
        "MilestonesAchieved": "> Using media platforms to inform and inspire\n> 3,000 youth and adult have learned coding or accessed tech",
        "Targets": "> By 2020, committed to reaching 500,000 hours of green volunteering\n> Sustainability throughout production\n> Divert millions of pounds of waste each year from landfills through companywide recycling programs\n> working toward zero emissions, zero waste, and 100% renewable energy",
        "Metrics": "",
        "Source": "> https://update.comcast.com/wp-content/uploads/sites/33/dlm_uploads/2018/06/ComcastNBCU_ExSumm_2018_online_2.pdf",
        "": "",
        "__1": "",
        "__2": "",
        "__3": "",
        "SDGTargets": ""
    },
    {
        "CompanyName": "Disney",
        "Contact": "Beth Stevens, Senior VP of Environmental Affairs",
        "StartDate": 2006,
        "MilestonesAchieved": "> In 2006, became the first major media company to establish nutrition guidelines to associate brands and characters with more nutritionally balanced foods\n> In 2017 we reduced our net emissions by 41% from 2012 levels\n> In 2017 we achieved a 46% diversion rate of operational waste, generated from our Theme Parks & Resorts, ESPN, Studios, and office locations\n> In 2017 we maintained water consumption at 2013 levels, while realizing a 1.8% decrease in water use from the prior year. Shanghai Disney Resort is developing a Water Conservation Plan\n> In 2017, our Theme Parks and Resorts\nreduced potable water use by 129 million gallons compared to 2016\n> In 2017 79% of globally licensed wholesale foods met our global Nutrition Guidelines. North America met the target\n> In 2017 Disney VoluntEARS provided more than 486,600 hours of volunteer service in the form of skills, time, and effort. Since 2012, Disney VoluntEARS have contributed a total of nearly 3.4 million hours of service\n> In 2017, awarded more than $8 million\nin grants to leading nonprofit organizations working across the globe to protect wildlife and provide experiences to inspire a lifelong love for nature in young people.",
        "Targets": "> By 2020, reduce net emissions by 50% from 2012 total levels\n> By 2020, achieve 60% waste diverted from landfills and incineration\n> By 2018 maintain potable water consumption at 2013 levels at existing sites\n> By 2020 increase to 85% the percentage of globally\nlicensed wholesale food sales dedicated to everyday foods that meet our global Nutrition Guidelines, and continue to meet our 85% target in North America\n> By 2020 globally, all Disney controlled advertising\non kid-focused media platforms and Disney-owned\nonline destinations oriented to families with younger children will be with food and beverages that meet\nour global Nutrition Guidelines\n> By 2020 contribute more than 5 million hours of employee community service through the Disney\nVoluntEARS program",
        "Metrics": "",
        "Source": "> https://www.thewaltdisneycompany.com/wp-content/uploads/2017disneycsrupdate.pdf",
        "": "",
        "__1": "",
        "__2": "",
        "__3": "",
        "SDGTargets": ""
    },
    {
        "CompanyName": "Facebook",
        "Contact": "Lyrica McTiernan,\nSustainability Manager",
        "StartDate": 2013,
        "MilestonesAchieved": "> In 2017, exceeded the goal of sourcing 50% clean and renewable energy\n>",
        "Targets": "> By 2020, increase use of clean and renewable electricity sources to 100% \n>",
        "Metrics": "",
        "Source": "> https://sustainability.fb.com/our-footprint/",
        "": "",
        "__1": "",
        "__2": "",
        "__3": "",
        "SDGTargets": ""
    },
    {
        "CompanyName": "Saleforce",
        "Contact": "Patrcik Flynn, VP, Sustainability",
        "StartDate": "2010 (CDP Disclosure)",
        "MilestonesAchieved": "> 65% of all global office spaces has green building certification\n> Ohana Design Standard, innovative Blackwater recycling system which saves 7.8 million gallons of water per year\n> In 2017, reached Net Zero Greenhouse Gas Emissions by carbon offsets for the emissions for electricity use\n> Track, analyze, reduce water footprint across operations\n> Signed on to We Mean Business' Improve Water Security peldge",
        "Targets": "> By 2025, 50% of suppliers (by emissions) to set emissions reduction targets\n> After 2020, all major office interiors will align with LEED Platinum v4 standards and pursue Net Zero Carbon certification\n> By 2022, achieve 100% Renewable Energy\n> By 2020 offsetting 100% of business travel and employee commuting emissions\n> By 2022, invest $10M in climate entrepreneurs and startups",
        "Metrics": "",
        "Source": ">https://trailhead.salesforce.com/en/content/learn/modules/the-global-goals/learn-how-salesforce-supports-sustainable-development\n>https://www.salesforce.com/company/news-press/press-releases/2018/09/180913-u/",
        "": "",
        "__1": "",
        "__2": "NOTES: Where applicable I identified the target # within the goals. Some companies didn't have numbers on energy consumption reduction but stated that they are active in that.",
        "__3": "",
        "SDGTargets": "SDG 4 (Target 4.4, Target 4.7), \nSDG 5 (, SDG 6 (Target 6.4) , \nSDG7 (Target 7.2, Target 7.3), \nSDG 8 (Target 8.1, Target 8.2, Target 8.3, Target 8.5), SDG 10 (Target 10.2, Target 10.3, Tarfet 10.5), \nSDG 16 (Target 16.6, Target 16.7), \nSDG 17 (Target 17.14, 17.19)"
    },
    {
        "CompanyName": "Wegmans Food Market",
        "Contact": "Jason Wadsworth, Sustainability Manager",
        "StartDate": "",
        "MilestonesAchieved": "> Use of natural refrigerant technology \n> Use of compressed natural gas fuel in trucks\n> Installing solar panels on corporate office buildings, distribution center, various store locations, and in one of their farms in NY\n> Sustainable packaging (100% plant-based)\n> Divert waste from landfills\n> Sustainably sourced seafood supply (certification)\n> Accessible information on health and wellness\n> Proper labeling",
        "Targets": "> Expand the use of efficient LED technology\n> Achieve zero waste in stores and facilities\n> Further improve packaging, reducing food waste, increasing renewable/recycled content, and recyclability",
        "Metrics": "",
        "Source": "https://www.wegmans.com/about-us/making-a-difference/sustainability-at-wegmans.html",
        "": "",
        "__1": "",
        "__2": "",
        "__3": "",
        "SDGTargets": "SDG 2 (Target 2.1, Target 2.2, Target 2.3), \nSDG 3, \nSDG 4 (Target 4.4), \nSDG 5 (Target 5.5), \nSDG 7 (Target 7.2), \nSDG 8 (Target 8.4, Target 8.5), \nSDG 10, \nSDG 11 (Target 11.5), \nSDG 12 (Target 12.3, 12.5, 12.8), \nSDG 14 (Target 14.2, Target 14.4, Target 14.7) \nSDG 15 (Target 15.5), \nSDG 17 (Target 17.19)"
    },
    {
        "CompanyName": "Ultimate Software",
        "Contact": "N/A",
        "StartDate": "N/A",
        "MilestonesAchieved": "> 'People First' mission\n> Ultimate Software: Giving Back\n> Earned the green business certification by IGBC \n> Areas they focus: business processes, workforce programs, facility related activities such as switching to IT equipment that meets Energy Star standards, deploying a stringent recycling program, rolling out commuter programs to its employees, moving to green paper products, and installing water reducers, tinting windows to conserve energy, and replacing lighting.",
        "Targets": "",
        "Metrics": "",
        "Source": ">file:///Users/melissakaslowski/Desktop/SDGs/ULTI_2017_Annual_Report.pdf\n>https://webcdn.ultimatesoftware.com/static/pdf/Green_Press_Release_Final_11-29-2010.pdf\n>https://www.ultimatesoftware.com/givingback",
        "": "",
        "__1": "",
        "__2": "",
        "__3": "",
        "SDGTargets": "SDG 3 (Target 3.2),\nSDG 4,\nSDG 7, \nSDG 8 (Target 8.1, Target 8.5), \nSDG 9, \nSDG 10 (Target 10.2, 10.3, 10.5), \nSDG 12 (Target 12.3)\nSDG 16"
    },
    {
        "CompanyName": "The Boston Consulting Group",
        "Contact": "N/A",
        "StartDate": "N/A",
        "MilestonesAchieved": "> Education reform in the developing world\n> Education on technological skills to children\n> Orgnize global responses to diseases, PPP to eradicate deadly diseases\n> Devised a transformative strategy for the Worls Food Programme's food security program \n> PPP to guarantee water security in societies around the world\n> Work with clients to transform the environmental sustainability of their businesses\n> Designed programs to overcome obstacles to employment among disadvantaged youths and refugees\n> Focus on innovative ways to bridge the entrepreneurship gender gap",
        "Targets": "",
        "Metrics": "",
        "Source": ">https://www.bcg.com/en-us/industries/social-impact/global-challenges.aspx",
        "": "",
        "__1": "",
        "__2": "",
        "__3": "",
        "SDGTargets": "SDG 2\nSDG 3\nSDG 4\nSDG 5\nSDG 6\nSDG 8\nSDG 9\nSDG 10\nSDG 13\nSDG 16\nSDG 17"
    },
    {
        "CompanyName": "Edward Jones",
        "Contact": "N/A",
        "StartDate": "N/A",
        "MilestonesAchieved": "Waste, Building efficiency, water conservation, sustainable planting",
        "Targets": "",
        "Metrics": "",
        "Source": ">https://www.edwardjones.com/images/home-office-sustainability-report.pdf",
        "": "",
        "__1": "",
        "__2": "",
        "__3": "",
        "SDGTargets": "SDG 3, \nSDG 6, \nSDG 7 (Target 7.2), \nSDG 10, \nSDG 12, \nSDG 15 (Target 15.1, 15.4, 15.5, 15.6), \nSDG 16 (Target 16.6)"
    },
    {
        "CompanyName": "Kimpton Hotels & Restaurants",
        "Contact": "N/A",
        "StartDate": 2012,
        "MilestonesAchieved": "100% portfolio-wide certified by the Green Key Eco-Rating program, LEED certification 3 locations, waste management",
        "Targets": "",
        "Metrics": "",
        "Source": ">file:///Users/melissakaslowski/Desktop/SDGs/gri-index-2017-ihg-020318.pdf\n>file:///Users/melissakaslowski/Desktop/SDGs/annual_report_2017.pdf",
        "": "",
        "__1": "",
        "__2": "",
        "__3": "",
        "SDGTargets": "SDG 2 (Target 2.2, Target 2.3, Target 2.4)\nSDG 3 \nSDG 6\nSDG 8 (Target 8.1, Target 8.3, Target 8.4, Target 8.5, Target 8.8)\nSDG 10\nSDG 12\nSDG 13\nSDG 17"
    },
    {
        "CompanyName": "Workday",
        "Contact": "Erik Hansen, Senior Sustainability Manager",
        "StartDate": 2013,
        "MilestonesAchieved": "> By 2017, 99.84% of offices and data centers ran on renewable energy",
        "Targets": "> Achieve net-zero carbon emissions by 2021\n> 100% renewable electricity across all global operations\n> Responsibly dispose electronic waste\n> Engage all employees in sustainability practices",
        "Metrics": "",
        "Source": ">http://globalimpact.workday.com/about-this-report.html",
        "": "",
        "__1": "",
        "__2": "",
        "__3": "",
        "SDGTargets": "SDG 1\nSDG 4\nSDG 5\nSDG 7\nSDG 8 \nSDG 10\nSDG 13\nSDG 16"
    },
    {
        "CompanyName": "Genentech",
        "Contact": "Katie Excoffier, Sustainability Manager\nJerry Meek, Energy and Sustainability Manager",
        "StartDate": 2004,
        "MilestonesAchieved": "> 50% renewable energy sources\n> reduction of CO2 emissions from transportation\n> Reduction of water use, by reuse and recycling water\n> waste diversion from landfills (57% per employee)",
        "Targets": "Goals for South SF campus (biggest facility they own)\n> By 2020, 30% reduction in CO2 from onsite energy use\n> By 2020, 10% reduction in CO2 from transportation\n> By 2020, 20% reduction in potable water use\n> By 2020, 80% reduction in waste to landfill per employee",
        "Metrics": "",
        "Source": ">https://www.gene.com/assets/frontend/pdf/content/good/sustainability/2017_corporate_sustainability.pdf\n>https://www.roche.com/sustainability/un-sdgs.htm",
        "": "",
        "__1": "",
        "__2": "",
        "__3": "",
        "SDGTargets": "SDG 3\nSDG 4\nSDG 5\nSDG 6\nSDG 7\nSDG 8\nSDG 9\nSDG 12\nSDG 13\nSDG 16\nSDG 17"
    },
    {
        "CompanyName": "Hyatt",
        "Contact": "Matt Cook, Engineering and Sustainability Manager",
        "StartDate": 2012,
        "MilestonesAchieved": "> Launch of 'Ready to Thrive' philanthropy program focused on literacy and career readiness\n> Building 11 libraries and supporting reading and writing programs in 30 schools (partnership with Room to Read)\n> Donating books with We Give Books\n> Donating volunteer hours \n> 80% of Hyatt hotels recycling at least 1 or more waste streams\n> Reduction in resource use intensity (water, GHG, energy) \n> Responsible seafood sourcing \n> Human Trafficking Prevention Training",
        "Targets": "Hyatt 2020 Vision\n> 20% water use reduction per guest, 30% in water-stressed areas\n> 40% waste diversion rate by every hotel \n> Acquire LEED certification",
        "Metrics": "",
        "Source": ">https://about.hyatt.com/content/dam/HyattStories/thrive/2017-2018-GRI-Index.pdf\n>https://about.hyatt.com/en/hyatt-thrive.html",
        "": "",
        "__1": "",
        "__2": "",
        "__3": "",
        "SDGTargets": "SDG 4\nSDG 5\nSDG 6\nSDG 7\nSDG 8\nSDG 10 \nSDG 12\nSDG 13\nSDG 14\nSDG 15\nSDG 16"
    },
    {
        "CompanyName": "Kimley-Horn",
        "Contact": "N/A",
        "StartDate": "N/A",
        "MilestonesAchieved": "> Community involvement programs",
        "Targets": "",
        "Metrics": "",
        "Source": "",
        "": "",
        "__1": "",
        "__2": "",
        "__3": "",
        "SDGTargets": ""
    },
    {
        "CompanyName": "Deloitte",
        "Contact": "Stasha Santifort, Corporate Responsibility and Sustainability Leader\nKathryn Alsegaf, Associate Director Internal Sustainability",
        "StartDate": 2010,
        "MilestonesAchieved": "",
        "Targets": "> Scope 1,2,3 reductions\n> Provide assistance to prepare clients for Industry 4.0\n> WorldClass, global inititative to reach 50 million people by 2030 and provide them with access to education, skills, and opportunity\n> Collaborate with the Refugee Studies Centre at the University of Oxford on an initiative designed to unlock the economic potential of refugees living in Europe\n> Serve as the lead innovation partner for UNLEASH\n> Impact Day, a day of volunteerism where employees mentor and support people in their communities and help NGOs build their capabilities",
        "Metrics": "",
        "Source": "",
        "": "",
        "__1": "",
        "__2": "",
        "__3": "",
        "SDGTargets": "SDG 1\nSDG 3\nSDG 4\nSDG 6\nSDG 8\nSDG 15\nSDG 16"
    },
    {
        "CompanyName": "Baird",
        "Contact": "N/A",
        "StartDate": "N/A",
        "MilestonesAchieved": "> In 2017, donated 6,000 hours to over 130 organizations\n> Baird Foundation contributed $3.1 million to NGOs\n> Support organizations aligned with health, human services, education, the arts and diversity",
        "Targets": "",
        "Metrics": "",
        "Source": "",
        "": "",
        "__1": "",
        "__2": "",
        "__3": "",
        "SDGTargets": "SDG 4\nSDG 5\nSDG 8\nSDG 9\nSDG 13\nSDG 16"
    },
    {
        "CompanyName": "Intuit",
        "Contact": "Sean Kinghorn, Global Sustainability Leader\nEileen Fagan, Corporate Social Responsibility",
        "StartDate": "2010 (CDP Disclosure)",
        "MilestonesAchieved": "> Donated $4.9 million to charitable organizations\n> Achieved carbon neturality for worldwide operations since 2015 by internally boosting energy efficiency, investing in renewable energy, and buying carbon offsets\n> Launched 'Purely Green', a partnership with Just Energy that provides customers and employees with access to a premium renewable energy product\n> Global headquarters purchases 100% of its electricity from an off-site wind farm \n> In 2018, #4 most sustainabale company in the US ranked by Barron's\n> In 2018, 76% renewable energy usage company-wide\n> In 2018, 72% waste diverted",
        "Targets": "> By 2025, reduce carbon footprint throughout all operations by 50% (compared to 2012) \n> By 2025, reduce building carbon footprint by 80% (compared to 2012)\n> By 2030, use 100% renewable electricity \n> By 2020, divert 90% of waste from landfills",
        "Metrics": "",
        "Source": ">https://www.intuit.com/content/dam/intuit/intuitcom/documents/company/intuit-csr-report-2018.pdf",
        "": "",
        "__1": "",
        "__2": "",
        "__3": "",
        "SDGTargets": "SDG 4\nSDG 5\nSDG 8\nSDG 9\nSDG 10\nSDG 11\nSDG 16"
    },
    {
        "CompanyName": "Quicken Loans",
        "Contact": "N/A",
        "StartDate": "N/A",
        "MilestonesAchieved": "",
        "Targets": "",
        "Metrics": "",
        "Source": "",
        "": "",
        "__1": "",
        "__2": "",
        "__3": "",
        "SDGTargets": "SDG 4\nSDG 5\nSDG 8\nSDG 9\nSDG 13"
    },
    {
        "CompanyName": "Texas Health Resources",
        "Contact": "Felicia Williams, Corporate Social Responsibility (CSR) and Community Engagement Leader",
        "StartDate": "N/A",
        "MilestonesAchieved": "> 3.86% reduction in electricity consumption since 2012\n> 100% Compliance with air quality standards",
        "Targets": "> By 2018, systemwide goal to reduce water consumption by 10 percent",
        "Metrics": "",
        "Source": "> http://responsibility.texashealth.org/wp-content/uploads/2018/06/THR17-At-A-Glance_Print.pdf\n> http://responsibility.texashealth.org/wp-content/uploads/2018/03/TH16_SUM_032918-Interactive.pdf",
        "": "",
        "__1": "",
        "__2": "",
        "__3": "",
        "SDGTargets": ""
    },
    {
        "CompanyName": "Stryker",
        "Contact": "N/A",
        "StartDate": 2012,
        "MilestonesAchieved": "> Working collaboratively with healthcare partners, Sustainability Solutions business has enabled over 2,500 healthcare systems to save more than $1 billion on hospital supplies and divert over 60 million pounds of medical waste from landfills",
        "Targets": "",
        "Metrics": "",
        "Source": "> https://www.stryker.com/us/en/about/corporate-responsibility.html",
        "": "",
        "__1": "",
        "__2": "",
        "__3": "",
        "SDGTargets": ""
    },
    {
        "CompanyName": "Capital One Financial",
        "Contact": "Jessica McGraw, Corporate Social Responsibility Manager",
        "StartDate": 2008,
        "MilestonesAchieved": "> 100% of our electricity comes from renewable resources\n> Carbon Neutral for Scope 1, 2 and business travel greenhouse gas emissions\n> 95% paper purchased for operations is from Environmentally Preferred Paper (EPP) sources\n> In 2017, we composted 817 tons of organic waste, recycled 2,760 tons of secure shred paper and 1,208 tons of plastics, non-confidential paper and aluminum\n> Centralized waste collection in over\n65% of office spaces",
        "Targets": "> By 2025, 25% reduction of Scope 3 indirect greenhouse gas emissions \n> By 2025, 50% reduction of campus landfill",
        "Metrics": "",
        "Source": "> https://environment.capitalone.com/\n> http://media.corporate-ir.net/media_files/IROL/25/251626/COF_corporate-social-responsibility-2017.pdf",
        "": "",
        "__1": "",
        "__2": "",
        "__3": "",
        "SDGTargets": ""
    },
    {
        "CompanyName": "Cooley",
        "Contact": "N/A",
        "StartDate": "N/A",
        "MilestonesAchieved": "",
        "Targets": "",
        "Metrics": "",
        "Source": "",
        "": "",
        "__1": "",
        "__2": "",
        "__3": "",
        "SDGTargets": ""
    },
    {
        "CompanyName": "USAA",
        "Contact": "Harriet Dominique, Senior Vice President Corporate Responsibility and Community Affairs",
        "StartDate": 2004,
        "MilestonesAchieved": "> Recycled over 8 million pounds in 2017\n> Ride sharing and mass transit programs in regional locations helped employees drive 6,876,781 fewer miles in 2017\n> Employees saved 334,754 gallons of gas and $3.6 million on overall transportation costs in 2017\n> Sent more than 8 billion pages electronically saved more than 650,000 trees\n> Since 2004, we saved more than 70 million gallons a year of Edwards Aquifer water\n> Home office is working on using recycled water for its cooling tower\n> In 2017, USAA energy savings of 4.8%, or 7.7 million kilowatt hours",
        "Targets": "",
        "Metrics": "",
        "Source": "",
        "": "",
        "__1": "",
        "__2": "",
        "__3": "",
        "SDGTargets": ""
    },
    {
        "CompanyName": "Plante Moran",
        "Contact": "N/A",
        "StartDate": "N/A",
        "MilestonesAchieved": "",
        "Targets": "",
        "Metrics": "",
        "Source": "",
        "": "",
        "__1": "",
        "__2": "",
        "__3": "",
        "SDGTargets": ""
    },
    {
        "CompanyName": "Southers Ohio Medical Center",
        "Contact": "N/A",
        "StartDate": "N/A",
        "MilestonesAchieved": "> ENERGY STAR building\n> Support to young people",
        "Targets": "",
        "Metrics": "",
        "Source": "> https://www.ohiohospitals.org/OHA/media/Images/News%20and%20Publications/Press%20Releases/OHA-News-Release-Ohio-Hospitals-Receive-Energy-Awards-2016.pdf",
        "": "",
        "__1": "",
        "__2": "",
        "__3": "",
        "SDGTargets": ""
    },
    {
        "CompanyName": "Pinnacle Financial Partners",
        "Contact": "N/A",
        "StartDate": "N/A",
        "MilestonesAchieved": "> Selected \"Best workplace for women\"\n>",
        "Targets": "",
        "Metrics": "",
        "Source": "> https://www.pnfp.com/media/1024/indespensible.pdf",
        "": "",
        "__1": "",
        "__2": "",
        "__3": "",
        "SDGTargets": ""
    },
    {
        "CompanyName": "American Express",
        "Contact": "Timothy J. McClimon, Senior Vice President, Corporate\nSocial Responsibility",
        "StartDate": 2011,
        "MilestonesAchieved": "> Foster a diverse and inclusive culture\n> Support our colleagues’ professional and personal goals\n> Meet the evolving needs of our customer base\n> Make our products and services better for society\n> Support small businesses across the world\n> Strengthen the communities in which we operate \n> Engage citizen volunteers\n> Empower emerging nonprofit and social leaders\n> Promote stewardship of historic places\n> Reduce our environmental footprint\n> Commit to responsible sourcing and product\n> Engage our colleagues in sustainability",
        "Targets": "> 85% reduction of GHG emissions for scope 1 & 2 from 2011 baseline by 2040\n> 100% of electricity procured from renewable energy sources for our U.S. operations by 2040\n>",
        "Metrics": "",
        "Source": "> https://about.americanexpress.com/files/doc_library/file/2017-2018-American_Express-CSR-Report.pdf",
        "": "",
        "__1": "",
        "__2": "",
        "__3": "",
        "SDGTargets": ""
    },
    {
        "CompanyName": "Camden Property Trust",
        "Contact": "N/A",
        "StartDate": "N/A",
        "MilestonesAchieved": "",
        "Targets": "",
        "Metrics": "",
        "Source": "> http://green.camdenliving.com/docs/sustainability.pdf",
        "": "",
        "__1": "",
        "__2": "",
        "__3": "",
        "SDGTargets": ""
    },
    {
        "CompanyName": "Baptist Health South Florida",
        "Contact": "N/A",
        "StartDate": "N/A",
        "MilestonesAchieved": "",
        "Targets": "",
        "Metrics": "",
        "Source": "> https://baptisthealth.net/en/media-center/documents/report-to-the-community.pdf",
        "": "",
        "__1": "",
        "__2": "",
        "__3": "",
        "SDGTargets": ""
    },
    {
        "CompanyName": "Adobe Systems",
        "Contact": "Charley Lewis, Senior Manager Sustainability & Social Impact",
        "StartDate": 2008,
        "MilestonesAchieved": "> 92% global waste diversion\n> 76% LEED workspaces\n> 420 tonnes CO2 emissions reduction\n> Community investments totaled more than $36.4 million cash and in-kind and 63% of employees engaged in social impact programs around the world",
        "Targets": "> 100% renewable energy by 2035",
        "Metrics": "",
        "Source": "> https://www.adobe.com/content/dam/acom/en/corporate-responsibility/pdfs/Adobe-SSI-Report-2017.pdf\n> https://www.adobe.com/content/dam/acom/en/corporate-responsibility/pdfs/SDG_Alignment.pdf",
        "": "",
        "__1": "",
        "__2": "",
        "__3": "",
        "SDGTargets": ""
    },
    {
        "CompanyName": "The Cheescake Factory",
        "Contact": "Megan Bloomer, Vice President of Sustainability",
        "StartDate": "N/A",
        "MilestonesAchieved": "",
        "Targets": "> Sourcing sustainably certified palm oil (CSPO) by 2020\n> Achieving a 15% reduction in the amount of water, synthetic pesticides, and synthetic fertilizers our suppliers use to grow our produce\n> Sourcing 100% cage-free eggs for restaurant operations by 2020, and for bakery operations by 2025\n>",
        "Metrics": "",
        "Source": "> https://www.thecheesecakefactory.com/corporate-social-responsibility/sustainability",
        "": "",
        "__1": "",
        "__2": "",
        "__3": "",
        "SDGTargets": ""
    },
    {
        "CompanyName": "SAP America",
        "Contact": "Daniel Schmid, Chief Sustainability Officer",
        "StartDate": "N/A",
        "MilestonesAchieved": "> 100% renewable energy powers the cloud\n> 298,000 employee hours volunteered in 2017\n> 1.4M youth trained in STEM\n> 93% employees embrace sustainability",
        "Targets": "> Zero net emissions by 2025\n>",
        "Metrics": "",
        "Source": "> https://www.sap.com/docs/download/investors/2017/sap-2017-integrated-report.pdf\n> https://www.sap.com/dmc/exp/2018-01-unglobalgoals/",
        "": "",
        "__1": "",
        "__2": "",
        "__3": "",
        "SDGTargets": ""
    },
    {
        "CompanyName": "KPMG",
        "Contact": "Mark McKenzie, Head of KPMG’s Global Center of Excellence for Sustainability Services",
        "StartDate": 2007,
        "MilestonesAchieved": "> Support literacy and skills development in WE schools\n> Joined with the Global Business Coalition for Education\n> KPMG in the Netherlands has joined in supporting the Refugee Talent Hub\n> the Eco Dive project in KPMG in Malaysia has been training and sending out volunteers to conduct annual underwater coral reef surveys at sites surrounding Tioman Island\n> Since 2010, KPMG International has responded annually to the CDP",
        "Targets": "> By 2020,  global renewable energy target of 60% of purchased electricity to come from renewable sources",
        "Metrics": "",
        "Source": "",
        "": "",
        "__1": "",
        "__2": "",
        "__3": "",
        "SDGTargets": ""
    },
    {
        "CompanyName": "NVIDIA",
        "Contact": "Kevin Ng, Energy and Sustainability Manager\nTonie Hansen, Senior Director CSR and Sustainability",
        "StartDate": 2006,
        "MilestonesAchieved": "> 74% of HQ waste was diverted from landfills\n> 13 years ISO14001 certified\n> 13% decrease in greenhouse gas emissions\nper headcount, compared to FY14 baseline\n> 9,000+ hours volunteered by employees\n> $4.4 MILLION in charitable giving\n> 72,000+ youth reached through our programs\n> 100% response rate of suppliers for Conflict Minerals Reporting Template",
        "Targets": "> By 2020, 15% reduction in GHG emissions",
        "Metrics": "",
        "Source": "> https://www.nvidia.com/content/dam/en-zz/Solutions/documents/FY2018-NVIDIA-CSR-Social-Responsibility.pdf",
        "": "",
        "__1": "",
        "__2": "",
        "__3": "",
        "SDGTargets": ""
    },
    {
        "CompanyName": "Orrick, Herrington & Sutcliffe",
        "Contact": "N/A",
        "StartDate": "N/A",
        "MilestonesAchieved": "> Supporting Action Against Hunger's relief efforts in Haiti (2010)",
        "Targets": "",
        "Metrics": "",
        "Source": "> https://www.orrick.com/Community/Orrick-Cares",
        "": "",
        "__1": "",
        "__2": "",
        "__3": "",
        "SDGTargets": ""
    },
    {
        "CompanyName": "Veterans United Home Loans",
        "Contact": "N/A",
        "StartDate": "N/A",
        "MilestonesAchieved": "",
        "Targets": "",
        "Metrics": "",
        "Source": "",
        "": "",
        "__1": "",
        "__2": "",
        "__3": "",
        "SDGTargets": ""
    },
    {
        "CompanyName": "Hilton Worldwide",
        "Contact": "Daniella Foster, Senior Director, Global Corporate Responsibility",
        "StartDate": 2008,
        "MilestonesAchieved": "> Reduced water consumption by 20.0% since 2008\n> Reduced energy consumption by 20.6% since 2008\n> Certified all properties worldwide (nearly 5,300 properties) to IS 50001 (Energy Management)\n>  First major hospitality brand to have its science-based greenhouse gas targets approved by the Science Based Targets initiative\n> Supported 2,000+ refugees through training, skills and employment since 2016\n> Made the Dow Jones Sustainability Index\n> Reduced waste by 30.5% since 2008\n> Reduced water consumption by 20.0% since 2008\n> Reduced our carbon emissions by 30.0% since 2008\n> Reduced our energy consumption by 20.6% since 2008\n> Banned use of plastic bottles in all our conference spaces in China, saving over 13 million bottles of waste per year\n> Banned plastic straws at all of our hotels in Australasia and Malaysia, and 15 hotels in the Americas",
        "Targets": "> Committed to connecting, preparing, or employing refugees in Europe\n> By 2019, Committed to connecting, preparing or employing 1 million youth\n> Committed to hiring 20,000 veterans, spouses, dependents and caregivers through Operation: Opportunity\n> By 2030, reduce water consumption and produced waste by 50%\n> By 2030, remove plastic straws from managed properties\n> By 2030, sustainably source meat, poultry, produce, seafood and cotton\n> By 2030, expand existing soap recycling program to all hotels and send zero soap to landfill\n> By 2030, reduce carbon emissions by 61%, in line with the Paris Climate Agreement and approved by the Science Based Targets Initiative \n> By 2030, double the amount spent with local, small and minority-owned suppliers\n> By 2030, contribute 10 million volunteer hours through Team Member initiatives\n> By 2030, double monetary support for natural disaster relief efforts\n> By 2030, reducing carbon emissions by 61% across its portfolio",
        "Metrics": "",
        "Source": "> https://www.unglobalcompact.org/system/attachments/cop_2018/465647/original/Hilton-Corporate-Responsibility-2017.pdf?1531927391",
        "": "",
        "__1": "",
        "__2": "",
        "__3": "",
        "SDGTargets": ""
    },
    {
        "CompanyName": "CarMax",
        "Contact": "Johanna Griscik, Environmental Manager",
        "StartDate": 2013,
        "MilestonesAchieved": "> Approximately 85% of water used in our car washes is reclaimed water\n> In 2016, we increased our commitment by becoming a National Disaster Responder Partner of the American Red Cross",
        "Targets": "> By 2030 net zero GHG emissions \n> Recycling and minimizing waste\n> Conserving water\n> Improving air quality\n> Conserving energy",
        "Metrics": "Scope 1 & 2",
        "Source": "> https://socialresponsibility.carmax.com/",
        "": "",
        "__1": "",
        "__2": "",
        "__3": "",
        "SDGTargets": ""
    },
    {
        "CompanyName": "Mariott International",
        "Contact": "Denise Naguib, Vice President, Sustainability & Supplier Diversity\nMarianne Balfe, Director of Energy and Environmental Sustainability (The Americas at Marriott International)",
        "StartDate": 2007,
        "MilestonesAchieved": "> Energy intensity down 13.2% vs. 2007 baseline\n> Water intesity down 7.7% vs. 2007 baseline\n> GHG emissions intensity down 15.8% vs. 2007 baseline\n> 99.2%  of contracted suppliers have a sustainability policy \n>",
        "Targets": "> By 2025, contribute 15M hours of volunteer service to support our company priorities and community engagement strategy\n> By 2022, 80% of managed hotels will participate in community service activities annually\n> By 2025, 50% of franchised hotels will participate in community service activities annually\n> By 2022, 25% of all reported volunteer hours will be skills-based\n> By 2025, Reduce water intensity by 15%, Reduce carbon intensity by 30%, Commit to analyze the opportunity to set a science-based target by 2018, Reduce waste to landfill by 45%, Reduce food waste by 50%, Achieve a minimum of 30% renewable energy use\n> By 2025, Sustainably source 95%  Top 10\npriority categories \n> By 2025, invest at least $5M to increase and deepen programs and partnerships that develop hospitality skills and opportunity among youth, diverse populations, women, people with disabilities, veterans and refugees\n> By 2019, develop and establish a global gender parity goal for company leadership\n> By 2025, 100% of associates will have completed our human rights training, including on human trafficking awareness, responsible sourcing and recruitment policies and practices\n> By 2025, enhance or embed human rights criteria in our recruitment and sourcing policies and work with our industry to address human rights risks in the construction phase\n> By 2025, promote a peaceful world through travel by investing at least $500,000 in partnerships that drive, evaluate and elevate travel and tourism’s role in cultural understanding",
        "Metrics": "",
        "Source": "> http://serve360.marriott.com/wp-content/uploads/2017/10/2017_Sustainability_and_Social_Impact_Highlights.pdf",
        "": "",
        "__1": "",
        "__2": "",
        "__3": "",
        "SDGTargets": ""
    },
    {
        "CompanyName": "David Weekley Homes",
        "Contact": "N/A",
        "StartDate": "N/A",
        "MilestonesAchieved": "",
        "Targets": "",
        "Metrics": "",
        "Source": "",
        "": "",
        "__1": "",
        "__2": "",
        "__3": "",
        "SDGTargets": ""
    },
    {
        "CompanyName": "SAS",
        "Contact": "N/A",
        "StartDate": 2008,
        "MilestonesAchieved": "> Energy consumption decreased by 7.7 percent and related emissions were reduced by 4.5 percent despite a 1 percent increase in office space and staff growth of 2.2 percent\n> Energy use intensity for office buildings decreased 3.1 percent  to 15.4 kWh per square foot\n> Energy consumption in SAS data centers decreased 1.9 percent despite a 43 percent increase in servers\n> Increased overall solar capacity by 140kW and generated 3.5 million kWh of clean, renewably sourced energy from rooftop and ground-mounted solar systems\n> Diverted 56.1 percent of operational and construction waste from landfills globally\n> Reduced paper use per employee from 1,067 sheets to 939 – a 12 percent decrease from 2016 and almost a 65 percent reduction since 2009\n> Continued support for plug-in electric vehicles by increasing the number of free workplace charging stations  to 94 globally\n> Donated more than $60 million to nonprofits across the globe",
        "Targets": "",
        "Metrics": "",
        "Source": "> https://www.sas.com/content/dam/SAS/en_us/doc/other1/csr-107835.pdf",
        "": "",
        "__1": "",
        "__2": "",
        "__3": "",
        "SDGTargets": ""
    },
    {
        "CompanyName": "Cadence Design Systems",
        "Contact": "N/A",
        "StartDate": "N/A",
        "MilestonesAchieved": "",
        "Targets": "> Working to implement waste reduction initiatives, to reduce our energy and water consumption, and to minimize our overall environmental impact in our communities",
        "Metrics": "",
        "Source": ">https://www.cadence.com/content/cadence-www/global/en_US/home/company/culture/sustainability.html",
        "": "",
        "__1": "",
        "__2": "",
        "__3": "",
        "SDGTargets": ""
    },
    {
        "CompanyName": "Vmware",
        "Contact": "Nicola Acutt, VP of Sustainability Strategy",
        "StartDate": "N/A",
        "MilestonesAchieved": "> 77% global operations powered by renewable energy \n> 91% landfill diversion rate\n> 24% overall representation of women \n> 82% of the employees gave back\n> Environmental Protection Agency’s “Best Workplaces for Commuters 2017” \n> Certified Carbon Neutral Data Center\n> 95% on Human Rights Campaign’s 2017 Corporate Equality Index",
        "Targets": "> By 2020, Commit to a science-based target for our global carbon emissions reduction\n> By 2020,  Reach 100 percent renewable energy for our global operations and carbon neutrality\n> By 2020, Institute aggressive water conservation in the\nwater-stressed regions within our portfolio\n> By 2020, Achieve over 90 percent waste diversion globally and zero e-waste to landfill from our\noperations\n> By 2020, Procure 50 percent of our business operations from diverse, sustainable and socially\nresponsible suppliers\n> Increase our representation of women and underrepresented groups so that we reflect the communities we live in and serve; inspire and support\nthe broader community of women and diverse talent in\ntechnology\n> Inspire over 85 percent of our global employees to give back in their communities",
        "Metrics": "",
        "Source": "> https://www.vmware.com/content/dam/digitalmarketing/vmware/en/pdf/company/vmware-global-impact-report2017.pdf",
        "": "",
        "__1": "",
        "__2": "",
        "__3": "",
        "SDGTargets": ""
    },
    {
        "CompanyName": "Allianz Life Insurance Company  of NA",
        "Contact": "N/A",
        "StartDate": "N/A",
        "MilestonesAchieved": "",
        "Targets": "",
        "Metrics": "",
        "Source": "",
        "": "",
        "__1": "",
        "__2": "",
        "__3": "",
        "SDGTargets": ""
    },
    {
        "CompanyName": "Scripps Health",
        "Contact": "N/A",
        "StartDate": "N/A",
        "MilestonesAchieved": "",
        "Targets": "",
        "Metrics": "",
        "Source": "",
        "": "",
        "__1": "",
        "__2": "",
        "__3": "",
        "SDGTargets": ""
    },
    {
        "CompanyName": "Navy Federal Credit Union",
        "Contact": "N/A",
        "StartDate": "N/A",
        "MilestonesAchieved": "",
        "Targets": "",
        "Metrics": "",
        "Source": "",
        "": "",
        "__1": "",
        "__2": "",
        "__3": "",
        "SDGTargets": ""
    },
    {
        "CompanyName": "REI",
        "Contact": "Matt Thurston, Director of Sustainability",
        "StartDate": 2004,
        "MilestonesAchieved": "> We have 26 REI locations equipped with solar technology\n> From 2014 to 2017, we saw a 7% jump in the percentage of retail leaders who are women, going from 35% to 42%\n> From 2016 to 2017, we increased the racial diversity of our board of directors from 25 to roughly 30 percent",
        "Targets": "> Become climate-neutral in our operations by 2020\n> Generate our own energy\n> Become a zero waste-to-landfill organization by 2020\n> Create buildings that reflect REI's values and minimize environmental impact\n> Align our use of paper with our values through efficient use and strategic sourcing",
        "Metrics": "",
        "Source": "> https://www.rei.com/stewardship/core-practices#introduction",
        "": "",
        "__1": "",
        "__2": "",
        "__3": "",
        "SDGTargets": ""
    },
    {
        "CompanyName": "Synchrony Financial",
        "Contact": "Marissa Lara, SVP, Chief Diversity & Corporate Responsibility Officer",
        "StartDate": "N/A",
        "MilestonesAchieved": "> In 2017, nearly 5,000 employees volunteered over 35,000 hours, making a direct impact on our communities\n> Operate two Energy Star®-certified facilities",
        "Targets": "",
        "Metrics": "",
        "Source": "> https://synchronyannualreport.com/csr/_pdfs/SYN2017CSR.pdf",
        "": "",
        "__1": "",
        "__2": "",
        "__3": "",
        "SDGTargets": ""
    },
    {
        "CompanyName": "World Wide Technology",
        "Contact": "Ann Eftimoff, CORPORATE SOCIAL RESPONSIBILITY MANAGER",
        "StartDate": "N/A",
        "MilestonesAchieved": "",
        "Targets": "> By 2020, reduce energy consumption and the resulting GHG emissions (CO2) by 25%\n> Utilization of ENERGY STAR® certified equipment in our facilities across the globe\n> Improvements in the efficiency of ventilation and air conditioning equipment\n> By 2020, reducing the amount of solid waste sent to landfill by 25%",
        "Metrics": "",
        "Source": "> https://www.wwt.com/wp-content/uploads/2015/11/Corporate-Social-Responsibility-GRI-Report.pdf",
        "": "",
        "__1": "",
        "__2": "",
        "__3": "",
        "SDGTargets": ""
    },
    {
        "CompanyName": "Protiviti",
        "Contact": "N/A",
        "StartDate": 2014,
        "MilestonesAchieved": "> i on Hunger: an initiative centered on feeding hungry people around the world\n> iCare- Community involvement program",
        "Targets": "",
        "Metrics": "",
        "Source": "> http://inpcc.protiviti.com/company/social-responsibility",
        "": "",
        "__1": "",
        "__2": "",
        "__3": "",
        "SDGTargets": ""
    },
    {
        "CompanyName": "Publix Super Markets",
        "Contact": "Michael Hewett, Corporate Sustainability",
        "StartDate": 2001,
        "MilestonesAchieved": "> In 2014, we added new solar panels to a store in Palm City, Florida. With this addition, we now have solar panels at four stores and one at our corporate office\n> In 2015, received an Innovation in Plastics Recycling award from the American Chemistry Council (ACC)\n> Lowering our CO2 emissions by 11.7% per square foot\n> in 2015 we were able to reduce the amount of material in our reusable wine bags, saving 28,000 pounds of plastic\n> Publix is the first US retailer to team up with Sustainable Fisheries Partnership (SFP) on the Ocean Disclosure Project (ODP)",
        "Targets": "",
        "Metrics": "",
        "Source": "> https://sustainability.publix.com/wp-content/uploads/sustainability-report.pdf",
        "": "",
        "__1": "",
        "__2": "",
        "__3": "",
        "SDGTargets": ""
    },
    {
        "CompanyName": "Cisco",
        "Contact": "Andrew Smith, Sr. Manager, Global Energy Management and Sustainability",
        "StartDate": 2005,
        "MilestonesAchieved": "> In 2017, Cisco technology blocked more than 20 billion threats per day\n> Reduced worldwide Scope 1 and 2 GHG emissions more than 40% in absolute terms (FY07 baseline)",
        "Targets": "> Benefit communities through inclusive sourcing and multiply Cisco’s impact\n> Expand best-in-class supplier diversity program\n> By 2021, set a goal to reach two million Cisco Networking Academy students per year \n> By 2025, positively impact one billion people\n> By 2022, reduce total Cisco Scope 1 and 2 GHG emissions worldwide by 60% absolute  (FY07 baseline)\n> By 2022, use electricity generated from renewable sources for at least 85% of global electricity\n>",
        "Metrics": "",
        "Source": "> https://www.cisco.com/c/dam/assets/csr/pdf/CSR-Report-2017.pdf",
        "": "",
        "__1": "",
        "__2": "",
        "__3": "",
        "SDGTargets": ""
    },
    {
        "CompanyName": "Regeneron Pharmaceuticals",
        "Contact": "Cheryl Fladung, Environmental Sustainability Associate",
        "StartDate": 2013,
        "MilestonesAchieved": "> Reduced our greenhouse gas emissions per employee by 14%, moving toward our expanded 2018 goal of 30%\n> 44% of our waste avoids the landfill, moving towards our 2018 goal of 90%\n> At 51% reduction per lab employee, we're just short of our 2018 goal of 60%\n> Reduced our consumption per employee by 5%, moving towards our 2018 goal of 10%\n> 67,608 meals packed and over 25,000 pounds of food sorted to help feed families suffering from food insecurity\n> 15 community parks revitalized",
        "Targets": "> reduce GHG emission per employee 30%\n> divert 90% of waste from landfill\n>  reduce hazardous chemical waste by 60% per lab employee\n> reduce electricity consumption per employee by 10%",
        "Metrics": "",
        "Source": "> https://www.regeneron.com/sites/all/themes/regeneron_corporate/files/citizenship/D4DG-2018-Recap-Infographic.pdf\n> https://www.regeneron.com/sites/default/files/REGN_2017_CR_Report_FINAL_23APR18.pdf",
        "": "",
        "__1": "",
        "__2": "",
        "__3": "",
        "SDGTargets": ""
    },
    {
        "CompanyName": "Burns & McDonnell",
        "Contact": "Steve Nalefski, Vice President, General Manager of Environmental Services",
        "StartDate": "N/A",
        "MilestonesAchieved": "",
        "Targets": "> Encouraging growth in STEM education\n> Building strong communities starts from the inside, by reaching out to help those who, because of circumstance or crisis, need it",
        "Metrics": "",
        "Source": "> https://www.burnsmcd.com/giving-and-outreach/arts-and-culture",
        "": "",
        "__1": "",
        "__2": "",
        "__3": "",
        "SDGTargets": ""
    },
    {
        "CompanyName": "JM Family Enterprises",
        "Contact": "Cristina Hicks, Environmental Sustainability Manager",
        "StartDate": "N/A",
        "MilestonesAchieved": "> In 2017, the carbon footprint associated with SET's vehicle processing activities decreased by 2.5% per vehicle compared to 2016\n> Seven onsite solar arrays generated more than 829,155 kWh in 2017\n> JM Family recycled more than 6 million pounds of material in 2017",
        "Targets": "",
        "Metrics": "",
        "Source": "> http://viewer.zmags.com/publication/d104a4aa#/d104a4aa/23",
        "": "",
        "__1": "",
        "__2": "",
        "__3": "",
        "SDGTargets": ""
    },
    {
        "CompanyName": "EY",
        "Contact": "Nicky Major, Global Corporate Sustainability Leader",
        "StartDate": "N/A",
        "MilestonesAchieved": "> The FY17 class of newly promoted EY member firm partners is among the most diverse ever, with 36% from emerging markets and nearly 30% women",
        "Targets": "> Supporting human and labor rights, anti-corruption and the environment\n> Reducing social inequality is at the heart of driving inclusive growth\n> EY has committed to sourcing US$100 million of services from women-owned businesses by 2020\n> Building trust and confidence in the capital markets\n> Minimizing the negative impact of business on the environment\n>",
        "Metrics": "",
        "Source": "> https://www.ey.com/en_gl/purpose/united-nations-global-compact-2017\n> https://assets.ey.com/content/dam/ey-sites/ey-com/global/topics/global-review/2018/ey_global_review_2018_v11_hr.pdf",
        "": "",
        "__1": "",
        "__2": "",
        "__3": "",
        "SDGTargets": ""
    },
    {
        "CompanyName": "Nationwide",
        "Contact": "N/A",
        "StartDate": "N/A",
        "MilestonesAchieved": "",
        "Targets": "",
        "Metrics": "",
        "Source": "> https://www.nationwide.co.uk/-/media/MainSite/documents/about/corporate-information/results-and-accounts/annual-report-and-accounts-2018.pdf",
        "": "",
        "__1": "",
        "__2": "",
        "__3": "",
        "SDGTargets": ""
    },
    {
        "CompanyName": "Slalom",
        "Contact": "N/A",
        "StartDate": "N/A",
        "MilestonesAchieved": "",
        "Targets": "",
        "Metrics": "",
        "Source": "> http://www.slalom-it.com/wp-content/uploads/2017/06/SLALOM-Sustainability-reporting-1.pdf",
        "": "",
        "__1": "",
        "__2": "",
        "__3": "",
        "SDGTargets": ""
    },
    {
        "CompanyName": "Build-A-Bear Workshop",
        "Contact": "N/A",
        "StartDate": "N/A",
        "MilestonesAchieved": "",
        "Targets": "",
        "Metrics": "",
        "Source": "> https://www.buildabear.com/brand-about-giving.html\n> https://www.buildabear.com/brand-help-supply-chain.html",
        "": "",
        "__1": "",
        "__2": "",
        "__3": "",
        "SDGTargets": ""
    },
    {
        "CompanyName": "PricewaterhouseCoopers",
        "Contact": "Kirsty Jennings, Global Corporate Responsibility Leader\nLouise Scott, Director, Global Sustainability",
        "StartDate": "N/A",
        "MilestonesAchieved": "",
        "Targets": "> Aim to reach 15 million people, NGOs and social and micro enterprises by 2022\n> Commit to offsetting air travel emissions from FY19 and to sourcing 100% renewables for our electricity consumption and offsetting residual energy use by 2022\n> To invest in the future and growth of 15 million people, NGOs and social & micro enterprises to help them maximise their potential by 2022",
        "Metrics": "",
        "Source": "> https://www.pwc.com/gx/en/corporate-responsibility/pdf/pwc-network-environment-and-community-metric-details-2018.pdf\n> https://www.pwc.com/gx/en/about/corporate-responsibility/pwc-un-global-compact-communication-on-progress-2017.html",
        "": "",
        "__1": "",
        "__2": "",
        "__3": "",
        "SDGTargets": ""
    },
    {
        "CompanyName": "St. Jude Children's Research Hospital",
        "Contact": "N/A",
        "StartDate": "N/A",
        "MilestonesAchieved": "> St. Jude have helped push the overall childhood cancer survival rate from 20% to more than 80%\nsince we opened more than 50 years ago\n> St. Jude has treated children from all 50 states and from around the world\n> 75% of the funds necessary to operate St. Jude must be raised from generous donors",
        "Targets": "N/A",
        "Metrics": "",
        "Source": "> https://www.stjude.org/content/dam/en_US/shared/www/about-st-jude/financial-information/alsac-stjude-annual-report-2017.pdf",
        "": "",
        "__1": "",
        "__2": "",
        "__3": "",
        "SDGTargets": ""
    },
    {
        "CompanyName": "Perkins Coie",
        "Contact": "N/A",
        "StartDate": "N/A",
        "MilestonesAchieved": "",
        "Targets": "> Engaging firm leadership in proactive diversity initiatives\n> Investing in the diversity pipeline\n> Developing programs to address internal and external priorities\n> Measuring and monitoring our progress and success",
        "Metrics": "",
        "Source": "> https://www.perkinscoie.com/en/about-us/firm/pro-bono/pro-bono-overview.html",
        "": "",
        "__1": "",
        "__2": "",
        "__3": "",
        "SDGTargets": ""
    },
    {
        "CompanyName": "American Fidelity Assurance",
        "Contact": "N/A",
        "StartDate": "N/A",
        "MilestonesAchieved": "> Support literacy programs\n> Dedicated to improve quality of life \n> Paid volunteer programs",
        "Targets": "",
        "Metrics": "",
        "Source": "> https://s3.amazonaws.com/corpcomm/AR2018/our-community.html\n> https://americanfidelity.com/about-us/community/\n> https://americanfidelity.com/media/1932/annual-report-2018-proof-23_final-print.pdf",
        "": "",
        "__1": "",
        "__2": "",
        "__3": "",
        "SDGTargets": ""
    },
    {
        "CompanyName": "Accenture",
        "Contact": "N/A",
        "StartDate": 2014,
        "MilestonesAchieved": "",
        "Targets": "> Awareness building (90% each year)\n> By the end of 2025, achieve a gender-balanced workforce, with 50 percent women and 50 percent men\n> By the end of 2020, increase the diversity of leadership by growing the percentage of women managing directors to at least 25 percent worldwide\n> Enhance the way the people interact and learn by building a global network of 100 connected classrooms that combine interactive technologies with innovative content design\n> By the end of fiscal 2020, equip more than 3 million people with the skills to get a job or build a business\n> By the end of fiscal 2020, increase the focus on the successful transition from skill-building programs to\nsustainable jobs and businesses, and improve the collective ability to measure and report on these outcomes\n> By the end of fiscal 2020, bring together organizations across sectors to create largescale, lasting solutions aimed at closing global employment gaps\n> By the end of fiscal 2020, reduce our carbon emissions to an average of two metric tons per employee—representing a more than 50 percent reduction against\nour 2007 baseline\n> By the end of fiscal 2020, begin to measure and report the impact of the work with clients and suppliers in key areas of sustainability\n> By the end of fiscal 2020, expand to 75 percent the\npercentage of key suppliers who disclose their targets\nand actions toward emissions reduction\n> Through our Diverse Supplier Development Program (DSDP), develop a total of 170 small, medium and diverse suppliers by the end of fiscal 2020",
        "Metrics": "",
        "Source": "> https://www.accenture.com/_acnmedia/PDF-75/Accenture-2017-Corporate-Citizenship-Report.pdf",
        "": "",
        "__1": "",
        "__2": "",
        "__3": "",
        "SDGTargets": ""
    },
    {
        "CompanyName": "Credit Acceptance",
        "Contact": "N/A",
        "StartDate": "N/A",
        "MilestonesAchieved": "",
        "Targets": "",
        "Metrics": "",
        "Source": "> https://www.creditacceptance.com/web/guest/community",
        "": "",
        "__1": "",
        "__2": "",
        "__3": "",
        "SDGTargets": ""
    },
    {
        "CompanyName": "Crowe Horwath",
        "Contact": "Crystal Adams, Corporate Social Responsibility Assistant Director",
        "StartDate": "N/A",
        "MilestonesAchieved": "",
        "Targets": "",
        "Metrics": "",
        "Source": "> https://www.prnewswire.com/news-releases/fortune-again-names-crowe-horwath-a-best-workplace-for-giving-back-300596455.html\n> https://www.crowe.com/sg/about-us/corporate-social-responsibility",
        "": "",
        "__1": "",
        "__2": "",
        "__3": "",
        "SDGTargets": ""
    },
    {
        "CompanyName": "First American Financial Corporation",
        "Contact": "N/A",
        "StartDate": "N/A",
        "MilestonesAchieved": "> 70% of the employees are women",
        "Targets": "",
        "Metrics": "",
        "Source": "> https://www.firstam.com/cares/",
        "": "",
        "__1": "",
        "__2": "",
        "__3": "",
        "SDGTargets": ""
    },
    {
        "CompanyName": "Dropbox",
        "Contact": "Joe Wheeler, Social Impact Manager",
        "StartDate": 2012,
        "MilestonesAchieved": "",
        "Targets": "",
        "Metrics": "",
        "Source": "> http://www.csrhub.ie/CSR-Case-Studies/Dropbox-for-Good-Cloud-Computing-Company-Grounded-in-the-Community.html\n> https://www.causecast.com/blog/dropbox-connects-its-culture-to-bottom-line-impact",
        "": "",
        "__1": "",
        "__2": "",
        "__3": "",
        "SDGTargets": ""
    },
    {
        "CompanyName": "BayCare Health System",
        "Contact": "N/A",
        "StartDate": "N/A",
        "MilestonesAchieved": "> EPA Energy STAR Certification\n> Thomson Reuters 100 Top Hospitals\n> BayCare Health System is a vibrant economic engine that generates $6.6 billion in annual impacts in Florida",
        "Targets": "",
        "Metrics": "",
        "Source": "> https://baycare.org/annual-report",
        "": "",
        "__1": "",
        "__2": "",
        "__3": "",
        "SDGTargets": ""
    },
    {
        "CompanyName": "Sheetz",
        "Contact": "Matt Michrina, Sustainability Coordinator",
        "StartDate": 2013,
        "MilestonesAchieved": "> Through proper recycling prevented 11 tons of material per store per year from being sent to landfills\n> Building design appropriate for LEED certification\n> Installing electric vehicle charging stations \n> Food donations\n> Helping environmental organizations",
        "Targets": "> Clean and healthy enviornment in which they operate\n> Environmentally- healthy stores that use less energy and save water",
        "Metrics": "",
        "Source": "> https://www.sheetz.com/sustainability",
        "": "",
        "__1": "",
        "__2": "",
        "__3": "",
        "SDGTargets": ""
    },
    {
        "CompanyName": "Hilcorp",
        "Contact": "Matt Henderson, Environmental Manager",
        "StartDate": "N/A",
        "MilestonesAchieved": "",
        "Targets": "> Safe, environmentally responsible operations\n> Help and encourage employees, partners, and vendors to make positive contributions to the communities in which they live and work",
        "Metrics": "",
        "Source": "> http://www.hilcorp.com/social-responsibility/",
        "": "",
        "__1": "",
        "__2": "",
        "__3": "",
        "SDGTargets": ""
    },
    {
        "CompanyName": "CHG Healthcare",
        "Contact": "N/A",
        "StartDate": "N/A",
        "MilestonesAchieved": "> Making a difference foundation",
        "Targets": "",
        "Metrics": "",
        "Source": "> https://www.chghealthcare.com/#culture",
        "": "",
        "__1": "",
        "__2": "",
        "__3": "",
        "SDGTargets": ""
    },
    {
        "CompanyName": "Nugget Market",
        "Contact": "Jeremy Patin, Sustainability Coordinator\nShea Robinson, Sustainability Coordinator",
        "StartDate": 2014,
        "MilestonesAchieved": "> Diverted 4.8 million pounds of recyclables and reduced water consumption by more than 75%",
        "Targets": "",
        "Metrics": "",
        "Source": "> https://www.nuggetmarket.com/articles/1464/sustainability-at-nugget-markets/",
        "": "",
        "__1": "",
        "__2": "",
        "__3": "",
        "SDGTargets": ""
    },
    {
        "CompanyName": "Ryan",
        "Contact": "N/A",
        "StartDate": "N/A",
        "MilestonesAchieved": "",
        "Targets": "",
        "Metrics": "",
        "Source": "> http://www.ryan.com/about-ryan/foundation/\n> http://lp.ryan.com/rs/176-QHV-407/images/Firm%20Highlights.pdf",
        "": "",
        "__1": "",
        "__2": "",
        "__3": "",
        "SDGTargets": ""
    },
    {
        "CompanyName": "NuStar Energy",
        "Contact": "E. Faithe Schwartzengraber, Environmental Manager",
        "StartDate": "N/A",
        "MilestonesAchieved": ">  One of the very best employee safety records in the industry, and to be an industry leader in environmental stewardship.",
        "Targets": "",
        "Metrics": "",
        "Source": "",
        "": "",
        "__1": "",
        "__2": "",
        "__3": "",
        "SDGTargets": ""
    },
    {
        "CompanyName": "TDIndustries",
        "Contact": "N/A",
        "StartDate": "N/A",
        "MilestonesAchieved": "",
        "Targets": "",
        "Metrics": "",
        "Source": "",
        "": "",
        "__1": "",
        "__2": "",
        "__3": "",
        "SDGTargets": ""
    },
    {
        "CompanyName": "Atlantic Health System",
        "Contact": "N/A",
        "StartDate": "N/A",
        "MilestonesAchieved": "",
        "Targets": "",
        "Metrics": "",
        "Source": "> https://www.atlantichealth.org/about-us/foundations-auxiliaries.html",
        "": "",
        "__1": "",
        "__2": "",
        "__3": "",
        "SDGTargets": ""
    },
    {
        "CompanyName": "Hyland",
        "Contact": "N/A",
        "StartDate": 2008,
        "MilestonesAchieved": "> Through proper recycling prevented 11 tons of material per store per year from being sent to landfills\n> Building design appropriate for LEED certification\n> Installing electric vehicle charging stations \n> Food donations+D82\n> Helping environmental organizations",
        "Targets": "",
        "Metrics": "",
        "Source": "> https://prezi.com/pzckwedjxc1s/hyland-software-sustainability/\n>",
        "": "",
        "__1": "",
        "__2": "",
        "__3": "",
        "SDGTargets": ""
    },
    {
        "CompanyName": "Encompass Home Health & Hospice",
        "Contact": "N/A",
        "StartDate": "N/A",
        "MilestonesAchieved": "",
        "Targets": "",
        "Metrics": "",
        "Source": "> https://investor.encompasshealth.com/investor-resources/sustainability/default.aspx",
        "": "",
        "__1": "",
        "__2": "",
        "__3": "",
        "SDGTargets": ""
    },
    {
        "CompanyName": "Children's Healthcare of Atlanta",
        "Contact": "N/A",
        "StartDate": "N/A",
        "MilestonesAchieved": "> In 2017, provided $147.6 million in care to approximately 236,000 children whose families could not cover the costs of their care",
        "Targets": "",
        "Metrics": "",
        "Source": "",
        "": "",
        "__1": "",
        "__2": "",
        "__3": "",
        "SDGTargets": ""
    },
    {
        "CompanyName": "Progressive",
        "Contact": "Carolyn Nogy, Corporate Social Responsibility Leader",
        "StartDate": 2007,
        "MilestonesAchieved": "> Since 2007, reduced our annual regional electric consumption by 67,253,561 kWh",
        "Targets": "",
        "Metrics": "",
        "Source": "> https://www.progressive.com/socialresponsibility/",
        "": "",
        "__1": "",
        "__2": "",
        "__3": "",
        "SDGTargets": ""
    },
    {
        "CompanyName": "Alston & Bird",
        "Contact": "N/A",
        "StartDate": 2014,
        "MilestonesAchieved": "> Member of the EPA’s Green Power Leadership Club in 2014 by purchasing 50% of its electrical power, firm-wide, from wind farms",
        "Targets": "",
        "Metrics": "",
        "Source": "> https://www.alston.com/en/our-firm",
        "": "",
        "__1": "",
        "__2": "",
        "__3": "",
        "SDGTargets": ""
    },
    {
        "CompanyName": "Autodesk",
        "Contact": "N/A",
        "StartDate": 2008,
        "MilestonesAchieved": "> 38% reduction in GHG emissions footprint compared to fiscal year 2009\n> 100% of facility and data center electricity from\nrenewable sources\n> $19.1 million in Autodesk® product donations\n> $920,000+ in employee volunteering time\n(26,000 hours)",
        "Targets": "> Reduce CO2e emissions across our value chain by 43 percent between fiscal year 2009 and fiscal year 2021\n> Remove commodity-driven deforestation from Autodesk’s supply chain by 2020\n> Reduce short-lived climate pollutant emissions",
        "Metrics": "",
        "Source": "> https://www.unglobalcompact.org/system/attachments/cop_2018/467070/original/autodesk-fy2018-sustainability-report.pdf?1536706577",
        "": "",
        "__1": "",
        "__2": "",
        "__3": "",
        "SDGTargets": ""
    },
    {
        "CompanyName": "Kronos",
        "Contact": "N/A",
        "StartDate": "N/A",
        "MilestonesAchieved": "> Using sustainable products\n> Recycling and other environmental services; and\n> Sustainable operations with a focus on energy efficiency, renewable energy, and waste reduction\n> Labor Practices and Human Rights",
        "Targets": "",
        "Metrics": "",
        "Source": "> https://www.kronos.com/about-us/kronos-corporate-social-responsibility-csr",
        "": "",
        "__1": "",
        "__2": "",
        "__3": "",
        "SDGTargets": ""
    },
    {
        "CompanyName": "Alliance Data Systems",
        "Contact": "N/A",
        "StartDate": 2014,
        "MilestonesAchieved": "> Alliance Data built a new security operation center with security analysts and engineers to safeguard consumer information and privacy\n> Alliance Data invested more than one million hours and $17 million in associate training and development programs to maintain industry‑leading levels of engagement and enablement\n> The company made strong progress in community investment and volunteerism, investing more than $25 million and 70,000 volunteer hours\n> The company saw a 28 percent reduction in carbon emissions over the three-year period through improved data collection and consolidation of office space",
        "Targets": "> By 2020, Alliance Data aims to integrate and apply best practice privacy and information security techniques among its people, processes and technology, and proactively monitor cyber threats to prevent data breaches\n> By 2020, The company will leverage new, more frequent associate feedback, internal analytics and insight to identify opportunities for targeted, relevant programs that benefit our associates and enhance our culture\n> By 2020, Alliance Data will invest an additional $60 million in the communities where its people live and work. $20 million will go toward “data for good” initiatives that help nonprofits build mission critical capacity leveraging data-driven insights\n> By 2020, Establish a task force and action plan to reduce GHG emissions and the environmental impact of Alliance Data’s operations. In addition, Alliance Data will focus on building relationships with non-government officials to participate and invest in conservation initiatives",
        "Metrics": "",
        "Source": "> https://s3-us-east-2.amazonaws.com/alliance-data-adcom/2016-CR-Report1.pdf\n> http://justmeans.com/press-release/alliance-data-2016-corporate-responsibility-report-highlights-progress-in-key",
        "": "",
        "__1": "",
        "__2": "",
        "__3": "",
        "SDGTargets": ""
    },
    {
        "CompanyName": "Mars",
        "Contact": "Kate Wylie, Global VP Sustainability\nBARRY PARKIN, CHIEF SUSTAINABILITY AND HEALTH & WELLBEING OFFICER",
        "StartDate": "N/A",
        "MilestonesAchieved": "> Launched Farmer Income Lab\n> Co-founded Livelihoods Fund for Family Farming\n> Increased the percentage of female managers to 41%\n> In 2016, it was possible to recycle or recover 90% of our packaging\n> Tea in the own-brand Mars Drinks products is 100% certified\n> Since 2014, 100%  of the coffee beans comes from a certified source\n> Since 2013, 100%  of the palm oil in products was from certified sources",
        "Targets": "> By 2050, Reduce total GHG emissions across our full value chain by 67% \n> By 2040, Eliminate 100% of the GHG emissions in direct operations\n> Address land use change and end deforestation in our\nsupply chains\n> Investing in activities that have a tangible impact on\nthe ground, starting with cocoa, mint and rice\n> By 2020, 100% of the fish we source for our Petcare division will be sustainably sourced",
        "Metrics": "",
        "Source": "> https://www.unglobalcompact.org/system/attachments/cop_2018/465143/original/SDG_narrative_FINAL_for_TOOLKIT_08-24-171.pdf?1530642732",
        "": "",
        "__1": "",
        "__2": "",
        "__3": "",
        "SDGTargets": ""
    },
    {
        "CompanyName": "Activision Blizzard",
        "Contact": "N/A",
        "StartDate": "N/A",
        "MilestonesAchieved": "> Vendor Code of Conduct\n> Respect human rights\n> Environmental sustainability\n> Anti-corruption",
        "Targets": "",
        "Metrics": "",
        "Source": "> https://www.activisionblizzard.com/code-of-conduct/tableofcontents.html",
        "": "",
        "__1": "",
        "__2": "",
        "__3": "",
        "SDGTargets": ""
    },
    {
        "CompanyName": "Aflac",
        "Contact": "N/A",
        "StartDate": 2007,
        "MilestonesAchieved": "> In 2017, there were 304 JOBS at Aflac U.S., wherein the role was held by more than one person. This included 3,547employees. Among those positions, the salary ratio skewed 101.72% in favor of women\n>",
        "Targets": "> Increase number of volunteer hours by 5%\n> Increase energy savings\n> Reducing waste and recycling",
        "Metrics": "",
        "Source": "> https://www.aflac.com/docs/about-aflac/2017-csr-report/2017-aflac-corporate-social-responsibility-report.pdf",
        "": "",
        "__1": "",
        "__2": "",
        "__3": "",
        "SDGTargets": ""
    },
    {
        "CompanyName": "T-Mobile U.S.",
        "Contact": "Chad Wilkerson, Director, Sustainability & Infrastructure Sourcing",
        "StartDate": 2008,
        "MilestonesAchieved": "> A 60,000-acre wind farm from which T-Mobile will receive 600 GWh of electrical energy annually\n> In 2015, we recycled or composted about 853 tons of waste. That’s about 11% of the total non-hazardous waste produced by our headquarters T-Mobile-managed stores\n> Offset the carbon impact of our air travel through a reforestation project that pays local residents to plant trees throughout Haiti\n> Promote energy-efficient commuting and carpooling by providing location-specific benefits to our employees",
        "Targets": "> By 2021, to using 100% renewable energy \n> Reducing the use of volatile organic compounds, both on and within packaging, to less than 10%",
        "Metrics": "",
        "Source": "> https://www.t-mobile.com/responsibility/sustainability\n> https://www.gigabitmagazine.com/company/sustainability-journey-t-mobile#",
        "": "",
        "__1": "",
        "__2": "",
        "__3": "",
        "SDGTargets": ""
    },
    {
        "CompanyName": "Power Home Remodeling Group",
        "Contact": "N/A",
        "StartDate": "N/A",
        "MilestonesAchieved": "",
        "Targets": "",
        "Metrics": "",
        "Source": "",
        "": "",
        "__1": "",
        "__2": "",
        "__3": "",
        "SDGTargets": ""
    },
    {
        "CompanyName": "Nordstrom",
        "Contact": "Chelsey Evans, Manager, Corporate Social Responsibility and Sustainability",
        "StartDate": 2014,
        "MilestonesAchieved": "> We recycled or composted 49.5 thousand tons\nof waste in 2017, or 76.3% of the total waste in\nour operations\n> 4.6%  less energy used\n> No.95 Barron’s 100 Most Sustainable Companies\n> 100% score on human rights campaing's corporate equality index (13th year in a row)",
        "Targets": "> By 2020, Audit 100% of Nordstrom Product Group factories for compliance to our Partnership Guidelines\n> By 2020, Donate $3 million in total through the Treasure & Bond brand to empower youth\n> By 2020, In deregulated energy markets, source 90% of our energy from renewable sources\n> By 2020, Reduce energy use per square foot by 15% from the 2014 baseline\n> By 2020, Consume less than 2.2 tons of paper per $1 million in sales\n> By 2020, Divert 95% of our total waste from landfill\n> By 2020, Reduce water use by 5% from our 2014 baseline\n> By 2020, Achieve average of 13 cases transported per gallon of fuel consumed\n>",
        "Metrics": "",
        "Source": "> https://n.nordstrommedia.com/id/3871ba70-694f-44a9-8d66-2766e78bff16.pdf",
        "": "",
        "__1": "",
        "__2": "",
        "__3": "",
        "SDGTargets": ""
    },
    {
        "CompanyName": "Goldman Sachs",
        "Contact": "N/A",
        "StartDate": 2006,
        "MilestonesAchieved": "> $27B green, social and sustainability bonds underwritten since 2014 \n>  $17B weather-related catastrophe bonds structured since 2006\n> $11.3B assets under supervision in ESG strategies within Investment Management\n> CDP disclosure",
        "Targets": "> 70% Green-building certified real estate by 2020\n> $2 Billion Green operational investments by 2020\n> 100% Renewable power by 2020\n> Zero net carbon emissions from 2015 onwards\n> Expanding our clean energy target to $150 billion in\nfinancing and investment by 2025 to facilitate the transition to a low-carbon future\n> 100% Diverting business waste from landfill by 2020\n> Reducing our absolute consumption in operationally controlled facilities",
        "Metrics": "",
        "Source": "> https://www.goldmansachs.com/citizenship/esg-reporting/esg-content/esg-report-2017.pdf?reportdownload=top",
        "": "",
        "__1": "",
        "__2": "",
        "__3": "",
        "SDGTargets": ""
    },
    {
        "CompanyName": "OhioHealth",
        "Contact": "N/A",
        "StartDate": "N/A",
        "MilestonesAchieved": "",
        "Targets": "",
        "Metrics": "",
        "Source": "",
        "": "",
        "__1": "",
        "__2": "",
        "__3": "",
        "SDGTargets": ""
    },
    {
        "CompanyName": "Methodist Le Bonheur Healthcare",
        "Contact": "N/A",
        "StartDate": "N/A",
        "MilestonesAchieved": "",
        "Targets": "",
        "Metrics": "",
        "Source": "> https://www.methodisthealth.org/files/CHNA_Report_2016.pdf",
        "": "",
        "__1": "",
        "__2": "",
        "__3": "",
        "SDGTargets": ""
    },
    {
        "CompanyName": "Devon Energy",
        "Contact": "Maude Ramsay,\nEnvironment and Regulatory Manager",
        "StartDate": 2004,
        "MilestonesAchieved": "> 90.7% water recycle rate in 2017\n> 73% fewer barrels spilled from 2015 to 2017",
        "Targets": "",
        "Metrics": "",
        "Source": "> http://www.devonenergy.com/documents/Sustainability/Pages/DVN_SR18_0_FULL-REPORT.pdf",
        "": "",
        "__1": "",
        "__2": "",
        "__3": "",
        "SDGTargets": ""
    },
    {
        "CompanyName": "The Container Store",
        "Contact": "N/A",
        "StartDate": "N/A",
        "MilestonesAchieved": "",
        "Targets": "",
        "Metrics": "",
        "Source": "> http://standfor.containerstore.com/our-commitment-to-our-communities\n> http://standfor.containerstore.com/our-commitment-to-the-environment",
        "": "",
        "__1": "",
        "__2": "",
        "__3": "",
        "SDGTargets": ""
    },
    {
        "CompanyName": "FedEx",
        "Contact": "N/A",
        "StartDate": "N/A",
        "MilestonesAchieved": "> Our aircraft modernization and FedEx® Fuel Sense programs avoided more than 1.7 million metric tons\nof CO2e emissions in 2017\n> In April 2018, the Boeing ecoDemonstrator became the first aircraft to fly 100% on biofuel",
        "Targets": "> By 2020, Invest $200 million in 200 communities around the world\n> By 2020, Reduce aircraft emissions intensity 30% from a 2005 baseline\n> By 2025, Increase FedEx Express vehicle fuel efficiency 50% from a 2005 baseline\n> By 2030, Obtain 30% of jet fuel from alternative fuels\n> Seek LEED (Leadership in Energy and Environmental Design) certification on all new U.S. FedEx Express buildings\n> Expand on-site energy generation and continue to procure renewable energy for facilities",
        "Metrics": "",
        "Source": "> http://csr.fedex.com/goals-and-progress.php",
        "": "",
        "__1": "",
        "__2": "",
        "__3": "",
        "SDGTargets": ""
    },
    {
        "CompanyName": "Novo Nordisk",
        "Contact": "Susanne Stormer, Vice President Corporate Sustainability",
        "StartDate": "N/A",
        "MilestonesAchieved": "",
        "Targets": "> Novo Nordisk advocates for equal rights and accessibility to healthcare for all as stated in the United Nations Universal Declaration of Human Rights\n> Novo Nordisk aims to contribute with expertise and insights to ensure that diabetes and other NCD’s on the rise in cities are high on the urbanisation agenda and are addressed by those managing and designing cities",
        "Metrics": "",
        "Source": "> https://www.novonordisk.com/about-novo-nordisk/positions/2030-agenda-for-sustainable-development.html",
        "": "",
        "__1": "",
        "__2": "",
        "__3": "",
        "SDGTargets": ""
    },
    {
        "CompanyName": "Bakes Donelson",
        "Contact": "N/A",
        "StartDate": "N/A",
        "MilestonesAchieved": "",
        "Targets": "",
        "Metrics": "",
        "Source": "> https://www.bakerdonelson.com/womens-initiative",
        "": "",
        "__1": "",
        "__2": "",
        "__3": "",
        "SDGTargets": ""
    },
    {
        "CompanyName": "AbbVie",
        "Contact": "Karen Bireta, Sustainability Program Manager",
        "StartDate": 2016,
        "MilestonesAchieved": "> CDP disclosure (A-)\n> 62% of suppliers considered sustainable",
        "Targets": "> Focus on developing medicines that solve serious health issues. AbbVie is committed to supporting patient access and to addressing unmet needs through patient support and research initiatives\n> AbbVie Foundation’s global education projects help students build skills in STEM, health, research, and leadership\n> Promote a sustainable supply chain and\ncreate a healthy environment",
        "Metrics": "",
        "Source": "> https://www.abbvie.com/content/dam/abbvie-dotcom/uploads/PDFs/AbbVie_CR_SDGs-2017.pdf",
        "": "",
        "__1": "",
        "__2": "",
        "__3": "",
        "SDGTargets": ""
    },
    {
        "CompanyName": "Delta Air Lines",
        "Contact": "Steve Tochilin, General Manager, Environmental Sustainability",
        "StartDate": "N/A",
        "MilestonesAchieved": "> 2.3 percent improvement in aircraft efficiency from 2016 to 2017",
        "Targets": "> Improve fuel efficiency an average of 1.5 percent per year from 2009 to 2020\n> Cap net international aviation CO2 emissions from 2020\n> Reduce net aviation CO2 emissions 50 percent by 2050, relative to 2005 levels\n> Experience no more than 87 combined Class I and Class II spills annually\n> Reduce year-over-year waste generation\n> Reduce year-over-year waste generation\n> Not to exceed three Notices\n> Provide over 80,000 jobs throughout our global operations\n> Invest in innovative technology, such as biometrics, to enhance safety, security and the customer experience\n> Share profits with employees, averaging approximately $1 billion annually over the past two years \n> Committed to gender pay parity and spousal benefits for same-sex couples and their children\n> Provide affordable air transport to facilitate cultural understanding and exchange\n>  Support local communities where we live, work, and serve through The Delta Air Lines Foundation\n>  Upcycle aircraft, aircraft parts, and uniforms through programs such as re:loom\n> Purchase and retire more than 2.5 million carbon offsets in 2017 \n> Engage producers in support of alternative aviation fuels",
        "Metrics": "",
        "Source": "> http://www.corporatereport.com/delta/2017/crr/Delta_2017_CRR.pdf",
        "": "",
        "__1": "",
        "__2": "",
        "__3": "",
        "SDGTargets": ""
    },
    {
        "CompanyName": "Four Seasons Hotels & Resorts",
        "Contact": "N/A",
        "StartDate": "N/A",
        "MilestonesAchieved": "",
        "Targets": "",
        "Metrics": "",
        "Source": "",
        "": "",
        "__1": "",
        "__2": "",
        "__3": "",
        "SDGTargets": ""
    }
]