{
    "providers": {
        "awscloudformation": {
            "AuthRoleName": "amplify-lf-fe-leafserver-143841-authRole",
            "UnauthRoleArn": "arn:aws:iam::121928235479:role/amplify-lf-fe-leafserver-143841-unauthRole",
            "AuthRoleArn": "arn:aws:iam::121928235479:role/amplify-lf-fe-leafserver-143841-authRole",
            "Region": "us-east-1",
            "DeploymentBucketName": "amplify-lf-fe-leafserver-143841-deployment",
            "UnauthRoleName": "amplify-lf-fe-leafserver-143841-unauthRole",
            "StackName": "amplify-lf-fe-leafserver-143841",
            "StackId": "arn:aws:cloudformation:us-east-1:121928235479:stack/amplify-lf-fe-leafserver-143841/564a1cd0-4a78-11ea-85d5-0afe492705d7",
            "AmplifyAppId": "dia4m82ic79kx"
        }
    },
    "auth": {
        "lffee96576a3e96576a3": {
            "service": "Cognito",
            "providerPlugin": "awscloudformation",
            "dependsOn": [
                {
                    "category": "function",
                    "resourceName": "lffee96576a3e96576a3CustomMessage",
                    "triggerProvider": "Cognito",
                    "attributes": [
                        "Arn",
                        "Name"
                    ]
                }
            ],
            "providerMetadata": {
                "s3TemplateURL": "https://s3.amazonaws.com/amplify-lf-fe-leafserver-143841-deployment/amplify-cfn-templates/auth/lffee96576a3e96576a3-cloudformation-template.yml",
                "logicalId": "authlffee96576a3e96576a3"
            },
            "lastPushTimeStamp": "2020-02-08T14:25:55.044Z",
            "output": {
                "AppClientSecret": "17d1b1hoid8rl39lmi3gp0v5dp4sphodur31qqqti8og4eu4arde",
                "UserPoolId": "us-east-1_JyGo9q0Iw",
                "AppClientIDWeb": "328gd9mn2oqkmjpt1lcgd0rsk6",
                "AppClientID": "5d3v96hlrnlemq5hphslscbj19",
                "IdentityPoolId": "us-east-1:df222c6e-3466-4c9b-9ee5-8df98f7927c5",
                "IdentityPoolName": "lf_fee96576a3_identitypool_e96576a3__leafserver",
                "UserPoolName": "lf_fee96576a3_userpool_e96576a3"
            },
            "lastPushDirHash": "GUhBy+GH5HUCi3dfcAfC4FNj4Eg="
        }
    },
    "function": {
        "lffee96576a3e96576a3CustomMessage": {
            "service": "Lambda",
            "providerPlugin": "awscloudformation",
            "build": true,
            "lastBuildTimeStamp": "2020-02-08T13:43:40.174Z",
            "lastPackageTimeStamp": "2020-02-08T13:43:40.229Z",
            "distZipFilename": "lffee96576a3e96576a3CustomMessage-4d2b594547555162444b-build.zip",
            "providerMetadata": {
                "s3TemplateURL": "https://s3.amazonaws.com/amplify-lf-fe-leafserver-143841-deployment/amplify-cfn-templates/function/lffee96576a3e96576a3CustomMessage-cloudformation-template.json",
                "logicalId": "functionlffee96576a3e96576a3CustomMessage"
            },
            "lastPushTimeStamp": "2020-02-08T14:25:55.046Z",
            "output": {
                "Region": "us-east-1",
                "Arn": "arn:aws:lambda:us-east-1:121928235479:function:lffee96576a3e96576a3CustomMessage-leafserver",
                "Name": "lffee96576a3e96576a3CustomMessage-leafserver",
                "LambdaExecutionRole": "lffee96576a3e96576a3CustomMessage-leafserver"
            },
            "lastPushDirHash": "wEQw55aMgnebCU4A4Qoz/2zVLEg="
        }
    }
}