{
    "identityPoolName": "lf_fee96576a3_identitypool_e96576a3",
    "allowUnauthenticatedIdentities": true,
    "resourceNameTruncated": "lffee9e96576a3",
    "userPoolName": "lf_fee96576a3_userpool_e96576a3",
    "autoVerifiedAttributes": [
        "email"
    ],
    "mfaConfiguration": "OFF",
    "mfaTypes": [
        "SMS Text Message"
    ],
    "smsAuthenticationMessage": "Your authentication code is {####}",
    "smsVerificationMessage": "Your verification code is {####}",
    "emailVerificationSubject": "Your verification code",
    "emailVerificationMessage": "Your verification code is {####}",
    "defaultPasswordPolicy": false,
    "passwordPolicyMinLength": 8,
    "passwordPolicyCharacters": [],
    "requiredAttributes": [
        "email",
        "name",
        "website"
    ],
    "userpoolClientGenerateSecret": true,
    "userpoolClientRefreshTokenValidity": 30,
    "userpoolClientWriteAttributes": [
        "gender",
        "email",
        "name",
        "website",
        "custom:role",
        "custom:name",
        "custom:isAdmin"
    ],
    "userpoolClientReadAttributes": [
        "email",
        "name",
        "website",
        "custom:role",
        "custom:name",
        "custom:isAdmin"
    ],
    "userpoolClientLambdaRole": "lffee9e96576a3_userpoolclient_lambda_role",
    "userpoolClientSetAttributes": true,
    "useDefault": "manual",
    "authSelections": "identityPoolAndUserPool",
    "resourceName": "lffee96576a3e96576a3",
    "thirdPartyAuth": false,
    "usernameAttributes": [
        "email"
    ],
    "userPoolGroups": false,
    "adminQueries": false,
    "triggers": "{\"CustomMessage\":[\"verification-link\"]}",
    "hostedUI": false,
    "userPoolGroupList": [],
    "verificationBucketName": "lffee96576a3e96576a3verificationbucket",
    "authRoleArn": {
        "Fn::GetAtt": [
            "AuthRole",
            "Arn"
        ]
    },
    "unauthRoleArn": {
        "Fn::GetAtt": [
            "UnauthRole",
            "Arn"
        ]
    },
    "parentStack": {
        "Ref": "AWS::StackId"
    },
    "permissions": [],
    "dependsOn": [
        {
            "category": "function",
            "resourceName": "lffee96576a3e96576a3CustomMessage",
            "triggerProvider": "Cognito",
            "attributes": [
                "Arn",
                "Name"
            ]
        }
    ]
}
