{
    "leafserver": {
        "awscloudformation": {
            "AuthRoleName": "amplify-lf-fe-leafserver-143841-authRole",
            "UnauthRoleArn": "arn:aws:iam::121928235479:role/amplify-lf-fe-leafserver-143841-unauthRole",
            "AuthRoleArn": "arn:aws:iam::121928235479:role/amplify-lf-fe-leafserver-143841-authRole",
            "Region": "us-east-1",
            "DeploymentBucketName": "amplify-lf-fe-leafserver-143841-deployment",
            "UnauthRoleName": "amplify-lf-fe-leafserver-143841-unauthRole",
            "StackName": "amplify-lf-fe-leafserver-143841",
            "StackId": "arn:aws:cloudformation:us-east-1:121928235479:stack/amplify-lf-fe-leafserver-143841/564a1cd0-4a78-11ea-85d5-0afe492705d7",
            "AmplifyAppId": "dia4m82ic79kx"
        },
        "categories": {
            "function": {
                "lffee96576a3e96576a3CustomMessage": {
                    "REDIRECTURL": "",
                    "EMAILSUBJECT": "",
                    "EMAILMESSAGE": ""
                }
            },
            "auth": {
                "lffee96576a3e96576a3": {}
            }
        }
    }
}